<?xml version="1.0" encoding="UTF-8"?>
<project-private xmlns="http://www.netbeans.org/ns/project-private/1">
    <editor-bookmarks xmlns="http://www.netbeans.org/ns/editor-bookmarks/2" lastBookmarkId="0"/>
    <open-files xmlns="http://www.netbeans.org/ns/projectui-open-files/2">
        <group>
            <file>file:/C:/Users/rcc/Documents/NetBeansProjects/Discussion_110515/src/discussion_110515/Discussion_110515.java</file>
            <file>file:/C:/Users/rcc/Documents/NetBeansProjects/Discussion_110515/src/discussion_110515/Date.java</file>
            <file>file:/C:/Users/rcc/Documents/NetBeansProjects/Discussion_110515/src/discussion_110515/Employee.java</file>
        </group>
    </open-files>
</project-private>
