<?xml version="1.0" encoding="UTF-8"?>
<project-private xmlns="http://www.netbeans.org/ns/project-private/1">
    <editor-bookmarks xmlns="http://www.netbeans.org/ns/editor-bookmarks/2" lastBookmarkId="0"/>
    <open-files xmlns="http://www.netbeans.org/ns/projectui-open-files/2">
        <group>
            <file>file:/C:/Users/rcc/Documents/NetBeansProjects/Discussion_111215/src/discussion_111215/Employee.java</file>
            <file>file:/C:/Users/rcc/Documents/NetBeansProjects/Discussion_111215/src/discussion_111215/Discussion_111215.java</file>
            <file>file:/C:/Users/rcc/Documents/NetBeansProjects/Discussion_111215/src/discussion_111215/Date.java</file>
            <file>file:/C:/Users/rcc/Documents/NetBeansProjects/Discussion_111215/src/discussion_111215/Person.java</file>
            <file>file:/C:/Users/rcc/Documents/NetBeansProjects/Discussion_111215/test/discussion_111215/PersonTest.java</file>
        </group>
    </open-files>
</project-private>
